<?xml version="1.0" encoding="UTF-8" standalone="yes"?>
<profile>
    <profile_id>401997</profile_id>
    <profilename>Monitor Layout Chooser</profilename>
    <firmware>
        <model>IGEL UD Pocket</model>
        <version>10.04.330.01</version>
    </firmware>
    <description></description>
    <overwritesessions>false</overwritesessions>
    <is_master_profile>false</is_master_profile>
    <settings>
        <pclass name="sessions.user_display%.options.notify">
            <pvalue instancenr="0" variableExpression="" variableSubstitutionActive="false">false</pvalue>
            <variableSubstitutionActive>false</variableSubstitutionActive>
        </pclass>
        <pclass name="sessions.user_display%.options.preserve_settings">
            <pvalue instancenr="0" variableExpression="" variableSubstitutionActive="false">false</pvalue>
            <variableSubstitutionActive>false</variableSubstitutionActive>
        </pclass>
        <pclass name="sessions.user_display%.options.dialog_type">
            <pvalue instancenr="0" variableExpression="" variableSubstitutionActive="false">advanced</pvalue>
            <variableSubstitutionActive>false</variableSubstitutionActive>
        </pclass>
        <pclass name="sessions.user_display%.pulldown">
            <pvalue instancenr="0" variableExpression="" variableSubstitutionActive="false">false</pvalue>
            <variableSubstitutionActive>false</variableSubstitutionActive>
        </pclass>
        <pclass name="sessions.user_display%.desktop">
            <pvalue instancenr="0" variableExpression="" variableSubstitutionActive="false">false</pvalue>
            <variableSubstitutionActive>false</variableSubstitutionActive>
        </pclass>
        <pclass name="custom_partition.mountpoint">
            <pvalue instancenr="-1" variableExpression="" variableSubstitutionActive="false">/custom</pvalue>
            <variableSubstitutionActive>false</variableSubstitutionActive>
        </pclass>
        <pclass name="userinterface.rccustom.custom_cmd_x11_final">
            <pvalue instancenr="-1" variableExpression="" variableSubstitutionActive="false">tar -xjf /custom/monitor-layout-chooser.tar.bz2 --strip-components=1 -C /custom
mkdir -p /custom/monitor-layout-chooser/autorandr-config
chown user:users /custom/monitor-layout-chooser/autorandr-config
ln -sf /custom/monitor-layout-chooser/autorandr-config /userhome/.config/autorandr</pvalue>
            <variableSubstitutionActive>false</variableSubstitutionActive>
        </pclass>
        <pclass name="sessions.user_display%.quick_start">
            <pvalue instancenr="0" variableExpression="" variableSubstitutionActive="false">false</pvalue>
            <variableSubstitutionActive>false</variableSubstitutionActive>
        </pclass>
        <pclass name="custom_partition.size">
            <pvalue instancenr="-1" variableExpression="" variableSubstitutionActive="false">250M</pvalue>
            <variableSubstitutionActive>false</variableSubstitutionActive>
        </pclass>
        <pclass name="sessions.user_display%.startmenu">
            <pvalue instancenr="0" variableExpression="" variableSubstitutionActive="false">false</pvalue>
            <variableSubstitutionActive>false</variableSubstitutionActive>
        </pclass>
        <pclass name="sessions.user_display%.applaunch_system">
            <pvalue instancenr="0" variableExpression="" variableSubstitutionActive="false">false</pvalue>
            <variableSubstitutionActive>false</variableSubstitutionActive>
        </pclass>
        <pclass name="sessions.user_display%.usehotkey">
            <pvalue instancenr="0" variableExpression="" variableSubstitutionActive="false">false</pvalue>
            <variableSubstitutionActive>false</variableSubstitutionActive>
        </pclass>
        <pclass name="custom_partition.enabled">
            <pvalue instancenr="-1" variableExpression="" variableSubstitutionActive="false">true</pvalue>
            <variableSubstitutionActive>false</variableSubstitutionActive>
        </pclass>
        <pclass name="sessions.user_display%.applaunch">
            <pvalue instancenr="0" variableExpression="" variableSubstitutionActive="false">false</pvalue>
            <variableSubstitutionActive>false</variableSubstitutionActive>
        </pclass>
        <pclass name="sessions.user_display%.autostart">
            <pvalue instancenr="0" variableExpression="" variableSubstitutionActive="false">false</pvalue>
            <variableSubstitutionActive>false</variableSubstitutionActive>
        </pclass>
        <pclass name="sessions.user_display%.startmenu_system">
            <pvalue instancenr="0" variableExpression="" variableSubstitutionActive="false">false</pvalue>
            <variableSubstitutionActive>false</variableSubstitutionActive>
        </pclass>
    </settings>
    <instancesettings>
        <instance classprefix="sessions.custom_application%" serialnumber="615f6217:161f7ed2f43:-7f74172.31.17.72">
            <ivalue classname="sessions.custom_application%.applaunch" variableExpression="" variableSubstitutionActive="false">false</ivalue>
            <ivalue classname="sessions.custom_application%.applaunch_path" variableExpression="" variableSubstitutionActive="false"></ivalue>
            <ivalue classname="sessions.custom_application%.applaunch_system" variableExpression="" variableSubstitutionActive="false">false</ivalue>
            <ivalue classname="sessions.custom_application%.autostart" variableExpression="" variableSubstitutionActive="false">false</ivalue>
            <ivalue classname="sessions.custom_application%.cmdline" variableExpression="" variableSubstitutionActive="false">/custom/monitor-layout-chooser/monitor-layout-chooser-main.sh</ivalue>
            <ivalue classname="sessions.custom_application%.desktop" variableExpression="" variableSubstitutionActive="false">false</ivalue>
            <ivalue classname="sessions.custom_application%.desktop_path" variableExpression="" variableSubstitutionActive="false"></ivalue>
            <ivalue classname="sessions.custom_application%.hotkey" variableExpression="" variableSubstitutionActive="false"></ivalue>
            <ivalue classname="sessions.custom_application%.hotkeymodifier" variableExpression="" variableSubstitutionActive="false">None</ivalue>
            <ivalue classname="sessions.custom_application%.icon" variableExpression="" variableSubstitutionActive="false">applications-other</ivalue>
            <ivalue classname="sessions.custom_application%.menu_path" variableExpression="" variableSubstitutionActive="false"></ivalue>
            <ivalue classname="sessions.custom_application%.name" variableExpression="" variableSubstitutionActive="false">Monitor Layout Chooser</ivalue>
            <ivalue classname="sessions.custom_application%.position" variableExpression="" variableSubstitutionActive="false">0</ivalue>
            <ivalue classname="sessions.custom_application%.pulldown" variableExpression="" variableSubstitutionActive="false">false</ivalue>
            <ivalue classname="sessions.custom_application%.pwprotected" variableExpression="" variableSubstitutionActive="false">none</ivalue>
            <ivalue classname="sessions.custom_application%.quick_start" variableExpression="" variableSubstitutionActive="false">true</ivalue>
            <ivalue classname="sessions.custom_application%.restart" variableExpression="" variableSubstitutionActive="false">false</ivalue>
            <ivalue classname="sessions.custom_application%.scardautostart" variableExpression="" variableSubstitutionActive="false">false</ivalue>
            <ivalue classname="sessions.custom_application%.snotify" variableExpression="" variableSubstitutionActive="false">true</ivalue>
            <ivalue classname="sessions.custom_application%.startmenu" variableExpression="" variableSubstitutionActive="false">true</ivalue>
            <ivalue classname="sessions.custom_application%.startmenu_system" variableExpression="" variableSubstitutionActive="false">false</ivalue>
            <ivalue classname="sessions.custom_application%.usehotkey" variableExpression="" variableSubstitutionActive="false">false</ivalue>
            <ivalue classname="sessions.custom_application%.waitfornetwork" variableExpression="" variableSubstitutionActive="false">true</ivalue>
            <ivalue classname="sessions.custom_application%.waittime2autostart" variableExpression="" variableSubstitutionActive="false">0</ivalue>
            <ivalue classname="sessions.custom_application%.waittime2restart" variableExpression="" variableSubstitutionActive="false">0</ivalue>
        </instance>
        <instance classprefix="sessions.custom_application%" serialnumber="615f6217:161f7ed2f43:-7f73172.31.17.72">
            <ivalue classname="sessions.custom_application%.applaunch" variableExpression="" variableSubstitutionActive="false">false</ivalue>
            <ivalue classname="sessions.custom_application%.applaunch_path" variableExpression="" variableSubstitutionActive="false"></ivalue>
            <ivalue classname="sessions.custom_application%.applaunch_system" variableExpression="" variableSubstitutionActive="false">false</ivalue>
            <ivalue classname="sessions.custom_application%.autostart" variableExpression="" variableSubstitutionActive="false">true</ivalue>
            <ivalue classname="sessions.custom_application%.cmdline" variableExpression="" variableSubstitutionActive="false">/custom/monitor-layout-chooser/monitor-layout-chooser-daemon.sh &amp;amp</ivalue>
            <ivalue classname="sessions.custom_application%.desktop" variableExpression="" variableSubstitutionActive="false">false</ivalue>
            <ivalue classname="sessions.custom_application%.desktop_path" variableExpression="" variableSubstitutionActive="false"></ivalue>
            <ivalue classname="sessions.custom_application%.hotkey" variableExpression="" variableSubstitutionActive="false"></ivalue>
            <ivalue classname="sessions.custom_application%.hotkeymodifier" variableExpression="" variableSubstitutionActive="false">None</ivalue>
            <ivalue classname="sessions.custom_application%.icon" variableExpression="" variableSubstitutionActive="false">applications-other</ivalue>
            <ivalue classname="sessions.custom_application%.menu_path" variableExpression="" variableSubstitutionActive="false"></ivalue>
            <ivalue classname="sessions.custom_application%.name" variableExpression="" variableSubstitutionActive="false">Monitor Layout Chooser Daemon</ivalue>
            <ivalue classname="sessions.custom_application%.position" variableExpression="" variableSubstitutionActive="false">0</ivalue>
            <ivalue classname="sessions.custom_application%.pulldown" variableExpression="" variableSubstitutionActive="false">false</ivalue>
            <ivalue classname="sessions.custom_application%.pwprotected" variableExpression="" variableSubstitutionActive="false">none</ivalue>
            <ivalue classname="sessions.custom_application%.quick_start" variableExpression="" variableSubstitutionActive="false">false</ivalue>
            <ivalue classname="sessions.custom_application%.restart" variableExpression="" variableSubstitutionActive="false">false</ivalue>
            <ivalue classname="sessions.custom_application%.scardautostart" variableExpression="" variableSubstitutionActive="false">false</ivalue>
            <ivalue classname="sessions.custom_application%.snotify" variableExpression="" variableSubstitutionActive="false">true</ivalue>
            <ivalue classname="sessions.custom_application%.startmenu" variableExpression="" variableSubstitutionActive="false">false</ivalue>
            <ivalue classname="sessions.custom_application%.startmenu_system" variableExpression="" variableSubstitutionActive="false">false</ivalue>
            <ivalue classname="sessions.custom_application%.usehotkey" variableExpression="" variableSubstitutionActive="false">false</ivalue>
            <ivalue classname="sessions.custom_application%.waitfornetwork" variableExpression="" variableSubstitutionActive="false">false</ivalue>
            <ivalue classname="sessions.custom_application%.waittime2autostart" variableExpression="" variableSubstitutionActive="false">5</ivalue>
            <ivalue classname="sessions.custom_application%.waittime2restart" variableExpression="" variableSubstitutionActive="false">0</ivalue>
        </instance>
    </instancesettings>
</profile>
